Id,Centralite
8,0.0003338826173519594
28371,0.0003822955538258954
40306,0.0007803523637474573
85279,0.0006110283517079031
91764,0.0006633554384843886
97723,0.0005729255921704206
105468,0.0004864647580881687
106690,0.0007397366554703959
32,0.0006867319222557124
3203,0.0009764551053180845
7978,0.0006868842427478677
8670,0.0006395137766680846
12847,0.0004170696667217968
83734,0.0008318576003549682
57,0.00027282365324659804
9145,0.001001183337207728
9152,0.000248666651562703
23849,0.0012389651296355337
29455,0.0009002403238891467
65215,0.00047201143789041186
85166,0.0002516245829627526
101198,0.000988151221041597
147,0.0019431290920115859
19354,0.0004402700910519971
19622,0.0004354306254775091
22728,0.00025121834681093115
27421,0.00047099347288163447
30118,0.0004795069562748562
31053,0.0003710354009116509
33163,0.00042025760938089074
35908,0.0004316341054216961
38536,0.000489517112199903
38853,0.0005891148191386715
44414,0.0005494627600942822
45368,0.00033058674294614114
47658,0.0006770941176983451
50538,0.00047132221885024016
54173,0.0006267814686683488
55826,0.0009653300111434211
56555,0.00016220665137570823
56742,0.00027644066687446166
60219,0.0005257426784022181
70781,0.0005752737289711706
72740,0.0006807410186464321
73561,0.00046739584977621706
75061,0.0005073450380904497
78003,0.0005268648742667956
85755,0.0014131347836754337
87453,0.0012498960614256368
87499,0.0007627969495150135
88108,0.0006527661206342922
88649,0.0037365206446834686
89560,0.0006853283036399142
90178,0.0006877038271324896
90442,0.0005460217340562338
91138,0.0005342597190193079
93282,0.0002808456960733925
94771,0.0005805153188697947
99246,0.0004004911839998731
105832,0.0006135708752782815
233,0.0005383290267011198
2716,0.0005383290267011198
242,0.0002683313565674234
6704,0.00035279877301309855
45650,0.000415536716523749
259,0.0005383290267011198
11568,0.0005383290267011198
302,0.00037307968150476973
8232,0.0004477533427223303
28061,0.00033447017997494176
319,0.000610013514914346
22091,0.0005695423714364987
57151,0.00033482959601050525
59208,0.0005998806736812762
89224,0.0006441620743727996
96577,0.000641257173391463
336,0.00012276487871792273
29658,0.00036103807384718975
372,0.0003602441453296281
5584,0.000625635666825812
41072,0.0011469198079067284
65754,0.0004073185897148523
93030,0.0004794482089059574
427,0.00011842196384427984
21127,0.00044917737074876425
485,0.00043597256323258505
27229,0.0006257162052870066
44046,0.0008235339121033115
49978,0.0006915286489734974
84972,0.0004367812679762714
89549,0.0005005011289484809
95152,0.0010150907873051913
97386,0.0008922142569681819
521,0.0004891933505348923
78592,0.00021459503133784276
79054,0.0004363063609465899
538,0.0005383290267011198
16972,0.0005383290267011198
620,0.00043120994951191424
71735,0.0008034710180879728
73515,0.00026917345347856594
788,0.0013020592446822442
1263,0.0011157589354174875
1423,0.0011313311242935138
10680,0.000482237502527569
17308,0.00088582985619909
17711,0.0003260501769331193
19812,0.001957950773932491
21566,0.0007212904007179451
25795,0.0007426153870118271
28115,0.0005311972099817722
30669,0.0009472109373053691
31272,0.0005239558567828145
31503,0.0008710891093500032
31994,0.0009023507071025571
37851,0.0007456882709030143
40001,0.0004344800387891504
41461,0.0012937156650211965
41911,0.0013949273397173801
42525,0.0006384069475509489
44166,0.000752446495882163
49031,0.0018643268251442064
49329,0.0006028685447764969
51379,0.00029665118635312086
51985,0.001177475979260912
52177,0.0027749266306991618
52355,0.0009844698443541274
54005,0.0005839000832692992
55395,0.0006941449419939827
59979,0.0015749630298869531
60349,0.0008992242543799179
60597,0.0008456469245080556
61823,0.0008245844271349053
63285,0.000831757934351887
64432,0.0006829472764281442
64555,0.0010028845583698782
71664,0.0005450418563973653
76566,0.00041832293972550666
78108,0.0006866346444793955
80417,0.00029191032408157477
83503,0.00032245131075141675
92968,0.0008449458341098235
93594,0.0009922260034287214
96951,0.000584084402035652
100668,0.001739409458838441
100884,0.002201132213262691
101946,0.001960802154308739
102218,0.0005164519763056544
102248,0.0005731657135445085
102824,0.00033070788498644753
106833,0.0005585816926767194
819,0.00017285961998731052
45897,0.0021454666756196136
80924,0.0015971327511414553
913,0.00020502045675295855
17855,0.0004275796332636002
934,0.0005235644746961328
2300,0.0011876236540386265
30201,0.0005801002841131979
35259,0.0004341265741163053
49058,0.0004376885205585682
49408,0.00036174063168016444
53002,0.0006169438379731876
57359,0.0006076485177386524
72005,0.0005140349408847686
75998,0.0004393068760913136
79828,0.0007947503956581576
104426,0.0005641229660616096
970,0.0006726691757054045
26954,0.0005086359841868613
39694,0.0006209933780249423
41610,0.0006372324168838961
54333,0.0007937758931506452
63930,0.0006704521087302716
76601,0.0005037701758728571
1016,0.00047543503511973857
40625,0.0005206751493327087
66073,0.0006067078252366401
83675,0.0005822424149818204
87923,0.0004945616541322743
92302,0.0005503520814035364
1033,0.00016305784097577427
71493,0.0006887700608252676
1049,0.0003945250890596002
10192,0.00022731117534786959
92465,0.0008851291763405796
1094,0.0005383290267011198
102129,0.0005383290267011198
1103,0.00023390817626004973
33703,0.0006145221425870036
52867,0.0006322991145365919
66759,0.0005953941765312288
87652,0.0010045750712422718
1113,0.000283643159697798
5424,0.000879771302758417
75182,0.0005008755079014618
96703,0.0004366921382190001
1149,0.0002743778156980575
12708,0.0005491066859928501
50255,0.0004902695753285578
12299,0.000855868133298412
21779,0.00031285728748535284
32598,0.00023513148578737538
40523,0.0011932412140450825
44871,0.0006159042826592057
45276,0.0003716205228011656
47252,0.00033697047739443005
49268,0.00027336278591065353
53624,0.000903380047902954
58464,0.0005364766316319702
61937,0.00025015245181186604
62346,0.0013080648714602515
75445,0.0005012784028903271
80743,0.0006238674389226975
81173,0.00112478283640334
82073,0.00045946808457516153
84229,0.0012938779969585467
86268,0.0007481806375279399
92419,0.0003462547735106539
94282,0.00024681684583312453
101063,0.0005168491290487678
102185,0.0003081752831472701
1296,0.0005383290267011198
22563,0.0005383290267011198
1320,0.00024338407159222634
65423,0.00035953360090530944
75324,0.0007550620329566348
1328,0.0001184070365768463
9766,0.00045955570647051257
12417,0.0007785933042713766
98097,0.0002731079517918788
1352,0.00018058441343860065
102362,0.0004747329226995361
30712,0.0005585315657290985
35010,0.0007234028959382481
44712,0.0010970440810770365
49394,0.00036728830054066187
64649,0.0004957737397641064
66713,0.00030343006675343615
68174,0.0007328101901642775
70831,0.000514952855040096
78257,0.00031154183558915107
89990,0.0005516868362908894
104274,0.0003300951027978993
107636,0.0011187394202625128
1455,0.0003066429295854146
3646,0.0008179897804063932
9307,0.00018353500621238266
17430,0.0005618545786987496
1476,0.0002693866279529643
75490,0.0004252970332911971
104398,0.00042703975557871726
1505,0.0004947882152106476
19634,0.0006129557254774944
54473,0.0005508588500908185
62398,0.000669883459906874
104768,0.00036315888281976427
1557,0.0009244297741397782
2570,0.000276972213479811
12804,0.0004974733539356267
28153,0.0007192160233607238
34807,0.0005383955212566342
38984,0.000977961303925733
41379,0.0001806834418689261
51543,0.0004912976952459209
53806,0.0009627294734091904
68017,0.00023230053345113787
84365,0.0021538067970931704
87302,0.001076396247568065
89391,0.0010445750350902647
107005,0.0003201709494694352
107361,0.0011990093453026938
1701,0.0004349679155954275
105661,0.0004327078999446574
1751,0.000681575767643254
18588,0.0010783778461153932
35374,0.0018053197864882266
42074,0.0007696576833754951
45573,0.0002636087041604792
72465,0.0007929957457318941
75626,0.0008496758865665305
82630,0.001043218939508006
87192,0.0005377582294577404
100111,0.003391489083365719
101721,0.0005667917560616563
105986,0.0008648220255525845
1774,0.00014594093920519227
71214,0.0014519735131724475
1822,0.00010432298297176876
69602,0.001084648868976076
1856,0.0004981585029621911
11604,0.0004736943655234654
79706,0.0003089384584603999
1887,0.00036482411889002264
6888,0.00034088558180731064
6897,0.0005837017271245646
61581,0.0006617007532298508
77671,0.0007095956284397668
91905,0.0006681689127000331
94028,0.0004394264647162893
1933,0.001534481114960563
11853,8.570523022489664e-05
12690,0.0004799859344033892
12751,0.0004331238129975826
21307,0.0007209100475180445
23486,0.0008872586349460087
23992,0.0007131592094901781
26036,0.0004071346933246191
31602,0.0007401886961485838
45748,0.0017980018737352675
46052,0.0004234780727917418
46409,0.0006037948510481009
48457,0.0005236524289417205
52515,0.0009340960970807506
56067,0.0003584554642615426
72924,0.00017640908395956089
73688,0.0010114064336496052
75803,0.0005754650792200971
77302,0.0005440756155286771
86928,0.0004050953416160835
95606,0.0005881874343011561
99093,0.0007920609661520106
101787,0.0007929840673906799
1952,0.0006921373751788942
22743,0.0006735443787833729
55773,0.0007276794587518786
72551,0.000386223527454117
79486,0.0004660299122082777
90877,0.0005683953240708892
93902,0.0003891263878537776
106931,0.00077618178712767
1987,0.00032068013528900797
73128,0.0011125383342175442
98013,0.0005612268433588646
2022,0.0001717291308623543
98636,0.0012015004031087784
2032,0.0005791435504173887
64859,0.0004424690432126113
65077,0.0006524964665793448
79959,0.0006340304475458258
83619,0.0004793639056746934
95587,0.0004424707467768538
2055,0.00016740708529110177
22507,0.0005665057053974253
2128,0.0005383290267011198
35921,0.0005383290267011198
2151,0.00041374087639111827
27624,0.0010941878064848764
70048,0.0008060775723955462
74110,0.0008387178781081947
81597,0.0016467461979981102
2232,0.0004740850467496965
20104,0.0006154538500750083
66662,0.000485670658733657
70647,0.0005509379171482855
77066,0.0006720360776301933
79911,0.0005668111275004711
98127,0.0004359247663120882
22791,0.0005758112719185381
24346,0.0006477274000211355
25515,0.00045836471144394803
40146,0.0004004834867642978
43204,0.0005819162371723525
54425,0.0004451072475274554
69062,0.00098330174325898
72574,0.0006714123209974796
74053,0.0005556932275410547
81392,0.0004800771918440232
81484,0.00041144266366193995
83844,0.00042383425242731293
91262,0.0004763272940700568
94012,0.0005961617762610267
105759,0.0005137721082030438
2315,0.0004644855154433691
10740,0.0003026479321413926
23351,0.0006384103972756261
35480,0.0005407710129911019
87760,0.00043895190516553045
2330,0.0003692968845307372
16205,0.0003989164255244259
51188,0.00028512413818985647
85506,0.0008315731579517515
2367,0.00017166108500354452
2393,0.0005720325170571331
22445,0.0004984879984183527
38668,0.0003323073965261849
41759,0.0004850160833959575
55301,0.000493484108667094
58602,0.0006320194956905367
91446,0.0004359156089825439
92318,0.0005302741616620307
95874,0.0004977200532778139
96895,0.0005911119782383919
99481,0.0004230566173920371
2437,0.0007027167433774977
17807,0.0005906871442824089
25936,0.00038629540895223567
64050,0.0005721164767655471
73226,0.0007946826368262246
80036,0.000479875457151449
93463,0.0004188714363686983
96588,0.0004907925894908642
2462,0.0005383290267011198
54441,0.0005383290267011198
2487,0.0004298568354182122
14030,0.00034040267027430374
26642,0.00019322660506870798
43070,0.0008057687091397797
44451,0.0008739831153060992
47053,0.00027712548419468665
96249,0.00033096493075829097
103522,0.0003650092039973519
2498,0.0003232846658092486
19320,0.0005690809221080687
2549,0.0001966494772584999
61713,0.0004341641319731396
95487,0.0009557609240060172
71312,0.0009721907463821654
86320,0.0004404557730402649
2586,9.722542400792307e-05
99512,0.0004847745421391595
2611,0.0005763536566087417
28526,0.0006274228298580949
32415,0.0004744227393185639
32617,0.00044600411345804847
37243,0.0005224628169028459
39359,0.0005614251526540545
40387,0.00046385892124058446
42950,0.0005101168808476569
53194,0.0005489835207722431
62254,0.0005577616075735925
62461,0.0005743791239520939
67984,0.00047085624532265484
69459,0.0005997717289284774
71011,0.000585690484512014
72631,0.0005211008226040474
75507,0.00044154229688611287
83039,0.00044945674705418884
84521,0.0006090775868927704
91638,0.0005577058744270125
102014,0.0006681873842085965
2636,0.00024230449951522008
2701,0.00024879066429961893
74322,0.0004529180621114256
2748,0.00012297320339493248
71822,0.0013578468621257386
2831,0.0008068264034686421
5266,0.00021494194102270788
8016,0.0008713849124917876
10289,0.0005038428017516878
12074,0.0005979838339544375
15766,0.0003240822384084523
16394,0.0039676349929770646
29415,0.003292388167810351
36844,0.00023635466139779686
43978,0.0014868368301863522
66824,0.0005718212245554786
74225,0.0004990989288477524
2879,0.00023692465895660763
40562,0.0005079374362061085
103866,0.00018970044050852387
2911,0.0007618071462600039
83690,0.00030449175195058464
2934,0.00034255995554410655
11274,0.00043745699366905076
47150,0.0013398970493152687
98444,0.0004025110724042552
102977,0.0006071092421197867
2952,0.0003267473065906233
85364,0.0007201973787424709
2961,0.00015936286622799534
9985,0.0011657094781212039
2989,0.00021425126534287462
39674,0.0005654774556527909
3032,0.00020140681915632996
103371,0.000702594139071569
3083,0.0005383290267011198
22919,0.0005383290267011198
3122,0.0004293905762647704
26579,0.0005226323693396095
26876,0.0004746019390074112
76885,0.00037383700569132964
8095,0.000502752553608542
8291,0.00037003543160329965
9411,0.0005750638373348049
3220,0.0001277356121447086
84469,0.0009835571663968012
3233,0.0005807736014029938
44278,0.0010551527177599873
50387,0.000532892238991131
60725,0.00044746330790533734
3257,0.0005776830702478953
15464,0.0001202953149315983
32180,0.0005809902166932186
42725,0.0006858262926449954
46798,0.0008169758472565383
75265,0.0006204014635682282
93000,0.0003744066778035821
95066,0.0005300533304629023
3279,9.444853616391868e-05
60465,0.0005116649272639725
97770,0.0005769030407293109
3337,0.0008330025268775303
27181,0.0003974084705871424
30040,0.00036379143045667803
55034,0.00047511424178308423
60840,0.0006263046858352751
72646,0.0005878083456315181
104830,0.00026448574657917214
3396,0.00021019835207172289
106147,0.0005805693620414888
3421,0.00017998068789866836
61876,0.000574178447812407
3454,0.0008467638331049977
39415,0.0005649831481351489
50603,0.0003120156716691091
55147,0.0009412492552148553
55843,0.0006202093660375158
72099,0.0008079300982747847
82770,0.0005605007515288446
85813,0.0005663919863256008
89712,0.0006556745435800417
93070,0.0006130118262557475
3513,0.0001511462160676564
86672,0.00025908707571966824
3539,0.0005856857675573321
7105,0.00040545385501782635
26333,0.0005776832279220125
37475,0.00043278256621097366
50628,0.0006420981565113618
58771,0.0005342920087675879
107072,0.0005903076049207441
3568,0.00036560537008989473
14666,0.0003850751077390077
28564,0.0004536082517978364
54772,0.0005647192441396083
69797,0.0006997174697275445
101819,0.0003261550035214118
14631,0.0005413487991435413
18349,0.0003744436999160344
32033,0.000493608942866183
39319,0.0006328506805598281
45299,0.0003016901206857008
68288,0.0005379331154468877
70991,0.0019189565346726038
90433,0.0006510917193001236
94632,0.0003604954832897802
98206,0.0004860204840697682
3728,0.0005229958572445202
39077,0.0005877397020194944
47238,0.0004768489158817553
49300,0.0006581427603698183
54255,0.0005128255305189601
72405,0.0006325689514343805
88716,0.0004436708285050663
106507,0.00047183966763496223
3743,0.0004052825816692268
19560,0.0005609320969685442
99132,0.0004854230644871547
106378,0.0005146976909180325
3789,0.0006021331983768854
31809,0.0003152241367715146
50917,0.0005793801515017108
60756,0.0003554916231464211
67744,0.0005364772718410155
73870,0.0005923593516103049
3817,0.0002782357062038324
8336,0.0008154555419127228
3836,0.0003486705908597332
20181,0.00022884610805658893
3914,0.0002775501038194022
63394,0.0003207053930504751
96991,0.0008719214004520062
3943,0.0005889903827281648
17884,0.0006586533217413687
32375,0.00036673422951252315
50556,0.000523459618106348
62278,0.0005963103582135508
80443,0.0006450489080888582
89921,0.00037863432645449303
3957,0.0007891430757991281
6195,0.00040391530641836206
80559,0.0004219286978858684
4031,0.0008208649006156937
10313,0.0004417595501686609
20949,0.0009043811196929291
28539,0.0003282459907906931
29555,0.0007684064294128976
29921,0.0004962039404280067
45129,0.00047259048252984404
46674,0.00033487767036779407
47951,0.0008461442260452538
60735,0.0004067511156145579
61034,0.0006727370790011554
71775,0.00020020672128883663
94089,0.0008032179052014181
4089,0.00039839913264522333
56885,0.0013399891356527225
93708,0.00036943077718865785
93867,0.0004958755857802815
4109,0.000301388958587799
36667,0.0004591637577046274
60395,0.00051794114400623
4135,0.000564355182091869
17684,0.0006032067092235388
27466,0.0005706211268843738
32715,0.0006362427634372482
58923,0.0005434920379773568
71907,0.00034078539600609464
72255,0.0005618481769316306
107521,0.0007423602572387629
4154,0.0004616430039241324
32282,0.0014157584361436434
50698,0.001169322232269039
75015,0.00039495086992580775
4188,0.0005383290267011198
69836,0.0005383290267011198
4237,0.0006704799075784382
19688,0.0006070326513815751
24227,0.0006710309024446866
32910,0.00036049485084359
35030,0.00039998052022669395
104743,0.0005209553277317337
4324,0.0005081171572801219
15991,0.0017172603940045807
98048,0.0007204151059647242
4363,0.00014369368871325146
37786,0.001350862744706107
4488,0.0003912350613928365
88800,0.0007165673943210869
91516,0.0007441534096276994
4549,0.00023745218892646996
38719,0.0007293652794640573
4681,0.0008576556957236493
11144,0.000519309370857456
80474,9.186433430186706e-05
98331,0.000631599845525319
104064,0.0005912158870973069
4717,0.00019950620150473717
15728,0.0004587048212237845
29427,0.00024576579504364334
4742,0.0005190115399518914
40683,0.0008262016028073758
68476,0.00031698082317776176
97403,0.0004911221408674502
4762,0.000329130962241995
97661,0.0004702201999734955
4795,8.074935400516798e-05
13994,0.0006970195284610391
4828,0.0001976054037389192
11829,0.0005788040621858998
43164,0.0004143925683149272
4911,0.0012610295246579192
5108,0.0004923366858639359
12205,0.0012868939105935642
26200,0.0004952768704767946
28459,0.0008077239057823816
36332,0.001830674031614426
38579,0.0007038342401002166
39375,0.0005849465346204427
39593,0.0013442730089334317
40878,0.0006397340246469934
48054,0.000915280883377383
50732,0.0005773550811667698
51757,0.0008369572487145044
53118,0.00035697133214195574
54691,0.0007407268045583022
58758,0.0006123116525182516
59005,0.00043449092365265376
61572,0.0005447139949619001
64395,0.0016187067981823745
74391,0.0005045766989490441
78549,0.0005014938802901381
80282,0.00040269150261265863
83903,0.0011997675328031421
85410,0.0006711202452331042
87897,0.00038898573384454113
88153,0.000615075788737298
93114,0.0007840763906600334
105373,0.0007860632814364731
4977,0.00015826098468053299
32518,0.00028508631269676566
5024,0.0005942163674059173
7865,0.0003504326389875915
15624,0.00010165652101035266
49159,0.00036591764635836863
79357,0.00037101007311744945
105714,0.0006921332648737667
5046,0.0005455220147435481
21343,0.0006704120117088458
25835,0.0005147393399057118
28843,0.0005531365051542295
40324,0.0005245114947773836
44010,0.0005154488226991434
45232,0.0005780653288044279
53410,0.00048764078977611507
54847,0.0004969556281819558
62997,0.000464148840080863
65446,0.00046556826543090254
74379,0.0004657350511987276
83181,0.0005323084434160589
87693,0.0004742155307332612
90925,0.0005579421567816104
92341,0.0005996280796591899
96313,0.0005269035303876339
102379,0.000717040647180547
5075,0.00016997167363381013
79684,0.0004918928600760461
28049,0.0006339122190785107
54307,0.0005471612251044207
68086,0.0004085520096322271
86388,0.0003138276193634965
108035,0.0009188941767293284
5186,0.000762964967742826
66034,0.0005287665236259257
5251,0.0005024578321882094
17633,0.0007084862945966579
34001,0.00039991729349884216
92631,0.00039991729349884216
67528,0.0014872345614384203
5323,0.00043735288743930917
34860,0.0006625868536925037
57443,0.000558954255066925
61193,0.0006686924557650831
9402,0.0003846644947910986
53725,0.0006677954433973245
101470,0.0008111904922845626
5478,0.0003985974737417375
36829,0.0010011834613686587
58871,0.0005278497769177699
61607,0.0004464183920097523
20462,0.00041108321193236263
26183,0.0004181980434504908
72718,0.0005142402129493053
5606,9.123559394936826e-05
16553,0.0006653340641312418
5648,0.0002999271319623774
7122,0.0006080754184412837
5802,0.0003175595046386757
22245,0.00050581646921004
80270,0.0005485889730525544
92476,0.000551109717269785
93917,0.0007464038468206427
102562,0.0006357248061990406
102589,0.00046309986971709984
5817,0.00022951753176842044
32542,0.0007376723822909256
5863,0.0007596381038698744
7506,0.0003910159356204833
9016,0.000541726452003642
23523,0.00046093561531047964
5937,0.0003902007476086964
5947,0.0004980962420142284
5959,0.0006735263836454251
14138,0.0006134224747670094
34600,0.0003479931082066147
42872,0.0005202149389672199
52394,0.0006683079518000012
73941,0.0006903083800500171
77133,0.0006087097910381728
104999,0.0006748095415757266
59180,0.00033394743541038707
51351,0.0004404113253299378
6020,0.0003502549597632141
24404,0.0006019423443440254
67794,0.0004766008066965574
73317,0.0003405814764379088
6047,0.00062572897313983
54505,0.000605348511081821
103005,0.000579334029219392
6067,0.00047768477286265785
10376,0.00039238315262407283
73623,0.0002706939895205533
6092,0.00034290459336343634
6111,0.00020828819179753564
75232,0.0005686874975848736
6120,0.00024446258740539194
48330,0.0028975402696204255
6141,0.00033048154317234525
54208,0.0005215194999356307
6157,0.0001267240058806897
28206,0.0006224714767924325
6186,0.0005022473495828444
7396,0.00040306556175126934
33925,0.0007142212826611904
58181,0.0005337819128091744
6263,0.0005626421272173108
21862,0.0002856543086623359
24208,0.0005916661086640941
53147,0.0006346967887292102
71322,0.0006456603195756411
100456,0.0005442947998397884
101084,0.0005036887342194569
6403,0.0005589935397670228
10235,0.0003443583768391147
32981,0.0005266540931795297
63774,0.0007233100970188114
6452,0.0005383290267011198
64607,0.0005383290267011198
6510,0.0001060420039074448
106971,0.0003570930650599852
6548,0.0002830429327972486
60654,0.0010103795955153814
6585,0.000651632204797584
8691,0.0006140176553441755
23135,0.00034723486788038196
25738,0.0006784402049973595
32738,0.0007986272309618614
58346,0.0007708055712383263
75749,0.0006192852199548224
94211,0.0004520491943975935
6652,0.0002632962333979523
6663,0.00044929487657198827
63696,0.0006325129525101776
78389,0.0006794218432967018
6677,0.0005736873610270279
20214,0.0003971789481653379
48586,0.0008757757443122101
70307,0.0010194981597380637
82887,0.0010855602984509811
89201,0.0003907445224898478
6796,0.0003497434538849808
44368,0.0002513403646885052
6862,0.00024132667968377442
104968,0.0005429069508411117
6919,0.0001300197393136495
6934,0.0003668904197842911
56419,0.000517947629703657
61637,0.0005267922839913972
92890,0.0003286833404778356
6995,0.0005090225215988611
77754,0.0003083145989790815
7050,0.000387242799679749
13691,0.0005573577269537507
58519,0.00042716166664846805
7066,0.0005658886994610817
8905,0.0006508473290613451
12476,0.0004617712382010345
96012,0.0003606725978761322
103201,0.0006878457449286033
7081,0.0005383290267011198
79397,0.0005383290267011198
9198,0.00022869435412628428
83355,0.0006762275304975212
7175,0.0002307268488841163
8484,0.0003760257438383388
62713,0.0010737445861336297
77247,0.0004547248170194163
7212,0.00013840375198776925
7268,0.00019976006377889975
105789,0.0004005208101666344
7275,0.0005383290267011198
41788,0.0005383290267011198
7290,0.00013000906831433585
7328,0.00043939669465561254
20614,0.0009586320617868433
32438,0.00026533146131084775
47354,0.0006003057027688073
7379,0.0007685842922194913
32088,0.0004528892756881729
61108,0.0005533683196760677
69777,0.0005142316095630634
74444,0.0006630607554363618
80334,0.0004912024301100154
89295,0.0004394030931612564
97975,0.0005350250967794353
7461,0.0005441771349043087
22163,0.00045097107327521255
35223,0.00040874593051384704
37550,0.00050783233986997
41685,0.0008409138157400825
71598,0.00044932995967402535
93408,0.00019525604241588815
94964,0.0006061733625516652
95944,0.00032343026629226703
7558,0.000286977379887254
30815,0.0006531847678440151
49816,0.0005691038086709916
7706,8.474417996672312e-05
81195,0.0006094578550352885
7740,8.922281425373077e-05
32839,0.00022936927838585177
7779,0.00040975089387097535
12003,0.000196886006164295
17102,0.0008603604426311467
95023,0.0010764760475799001
7843,0.00016570553935641883
29509,0.0004885364736550466
7924,0.00017887464982935285
62938,0.0003111790174937328
66163,0.0006005407746824488
7948,0.0002019495846743682
74967,0.0006557420063305283
12837,0.0003761601357170639
16998,0.0005676552932095294
22005,0.0005490005565301033
27706,0.00047977931744397074
41470,0.00031385784977236886
44987,0.0004666436727617783
66428,0.00043074910323143535
71831,0.0005526506579825923
79744,0.0005318036797915412
80502,0.0005598937011687282
8039,0.0002979177196123689
70613,0.0007893365636125358
8068,0.0004221265914030247
11166,0.0007491899040360714
30548,0.0004350920888877845
31749,0.0006362566399482907
90145,0.00046401365882723673
91172,0.000295665494501949
8216,0.00048790211974668725
10567,8.280080627218619e-05
27166,0.0004323786029452453
74019,0.0009933637374984004
76529,0.0005014349409558412
104003,0.0011291501546212468
107171,0.001192320448157213
8315,0.00036875399384640945
19334,0.0007035035186089584
26937,0.0007089717438985407
32016,0.000534567759138603
48618,0.00039734740159740864
83954,0.0005168297431167985
75110,0.0005212958319868038
8351,0.00021678264852075066
8373,0.00027710245547390777
29712,0.0004650303119004881
69550,0.0006813942186206336
8386,0.0001329148131234556
64120,0.0006505501438265205
8408,0.0001351657841015436
8445,0.0008551713652176288
36132,0.00038926543370020603
42649,0.00023362813309303078
52621,0.0003886088785008516
69725,0.000240667008691156
81416,0.0011401801027129319
95685,8.074935400516798e-05
98932,0.0005207822649920331
8452,0.0002862713209561391
11001,0.00013041676530339697
95115,0.0007349663899941498
30443,0.00037762459488771696
8554,0.00010139745891373899
8567,9.993084148784392e-05
8612,0.0002675302248667658
20269,0.0005953782717888958
50838,0.00046074375650043337
8622,0.0002484802957230412
61992,0.0004364983999679914
106631,0.0001779714962252972
44460,0.0004938059446274957
56171,0.0003020421772652207
63207,0.00033759577403849356
88927,0.0003759649779517306
8680,0.00023989512055118666
40917,0.0005904462425301395
8716,0.00045079726032048014
67148,0.0006445907758074511
92871,0.0002352608706120764
8743,0.0005719720349537745
13129,0.0007639491306202268
48429,0.0002675223266598764
69950,0.00038732401025689416
82006,0.0005332330218094599
82979,0.0004365889823942282
84382,0.0005183876499382505
88706,0.0011395807367431691
90070,0.0004165902871365691
97458,0.0005064241505024737
101331,0.0005893362747018993
103644,0.00031010331385252095
8775,0.0005889723083881977
15092,0.00014177325644052654
17659,0.0006595957393167665
27910,0.0007271709313331717
28870,0.0008163782464815078
34047,0.0008261085522889546
41183,0.0003810881945009033
88241,0.0004842242958140079
91998,0.0006444543597206419
100957,0.0004986571711157789
8794,0.0004056312995450157
28550,0.0005063143968705806
34652,0.0007146503727032985
73580,0.000515858460260242
92383,0.0005491906041264617
8883,0.0006206930767192594
61910,0.00027660066404092305
70838,0.0007176933393431765
8953,0.0004580026063248713
55976,0.000635801031784921
81511,0.0003892239988789864
89454,0.0008159720805185588
104605,0.0004966483781433872
8974,0.0006078000607970624
19433,0.0005465522333888853
49363,0.0005352168374994364
51017,0.0008191148457967713
64801,0.0004947284777436144
76734,0.0002813638319979296
84115,0.0005527099156504315
8997,0.00044631464526453864
62070,0.0004929585884487263
9054,0.0006927113337238215
51444,0.0006733765268360526
55995,0.000687622698925347
74793,0.0006709752729612699
78854,0.0007717619503670216
80298,0.0008086031501915446
97497,0.0007146485652891259
103307,0.0005058107450206113
9106,0.00046879812592306135
13936,0.00016038414043273414
49104,0.0008124909581996295
49896,0.0006273189520633381
50012,0.0003388374836855582
69717,0.0009376641411465809
73653,0.00036216923607285204
78341,0.0004820436084547829
85556,0.0003109471445845054
95033,0.0004401933615579955
22526,0.0007524966037043174
63896,0.00066362313674242
75391,0.0005914824655797598
9167,0.0003707734001449023
63762,0.0006798195898514974
102420,0.0007650989211691877
27541,0.0007264150628230484
50415,0.0002974716485139046
78607,0.00037267489679825467
9440,0.0001423884088200509
101038,0.0006395542997462364
9469,0.0005768968328274768
26305,0.0006500207998420182
29888,0.0003443581820646477
85943,0.0006103997970164673
9486,0.0001202591151755082
9528,0.000674684311030656
32666,0.00010787022878013403
41291,0.0005363500573191135
43301,0.000515382795409856
53234,0.0006307170332232286
54022,0.00042877594024227445
99354,0.0008745228209025753
9548,0.0004750166464098154
57030,0.00023527321596870536
79593,0.0005922938248708213
95919,0.00042459522821224814
99654,0.00045545554610975817
9566,0.0004088560708247181
9578,0.000492648869111208
33422,0.0006704558308717309
41568,0.0005813553359968227
9600,0.0004268215721930821
23595,0.000791948000063014
57848,0.00045841482221472765
58882,0.0006098642866163204
62195,0.0003764700325500741
106739,0.000575834598870642
9660,0.00010708142121816919
9689,0.00042047275994416713
11699,0.000222620375517657
14077,0.00019182251548252707
18481,0.0004707973654774967
35745,0.0001874586910047449
67063,0.0005931729506121128
70006,0.00044798024636925
24096,0.0004012161969729251
44334,0.00044308134310358207
48520,0.00031674967443907784
9796,0.0005757779734111916
27697,0.0004412955981151414
35541,0.0002783582483742239
72179,0.00046918664663403984
99392,0.000370885592512823
9845,0.0006185970404769877
30574,0.000627947725174317
31039,0.0004403920593394252
33139,0.0003234025036269787
38767,0.0005709114107739485
53016,0.0004380780084783304
53844,0.0006201191668907863
57059,0.0006461470611141656
63519,0.000417063668639638
64239,0.0005629499796337331
83640,0.0004874673728893238
90404,0.0006119126279625832
95213,0.0005771478093997516
100981,0.0005944699394157084
9909,0.0006468460538404097
21634,0.0006267296779604896
30064,0.000596344666180572
33121,0.0005389573313008924
36493,0.0006093519294651655
42630,0.000543611114993693
44303,0.0005453856560914275
57505,0.00033650261901556653
82141,0.00031119421963172805
82284,0.0005309024979893787
90290,0.000553705349072411
91458,0.0004581450870674142
104291,0.0004075751832013372
104354,0.000831354988005191
9917,0.00029249172190805805
96766,0.0004997028591247818
9928,0.00017080590190408104
28594,0.0005868553374643674
88842,0.00026760778943381937
16935,0.0005738868414289042
20410,0.0006052153335308008
22054,0.0005220817447086263
37874,0.0004908690814155851
44568,0.0009185499278637017
45095,0.00042216343485931645
52876,0.0005835943917714818
73797,0.0008381387571213763
79789,0.0003832029084523356
94482,0.00038599004635582587
96288,0.000759341540009988
102146,0.0005833488667074091
105096,0.0005529371473104153
10054,0.0001391138589453612
10125,0.0004598773828294389
20533,0.0008286004439193602
24608,0.0006265923191785084
45974,0.0005330901536700161
52303,0.0008887128671217756
10178,0.0004303563842409489
24802,0.000815455541912723
10253,0.0003735236142446532
16016,0.000756279195562098
21503,0.0009157002768221027
76972,0.00032463821097725447
63458,0.00031883159689231286
65775,0.0005760521464493191
103185,0.0008643447653586098
10327,0.00028791479131623027
65928,0.0003761072513285104
10425,0.0007768463861275232
26679,0.0004048344931870787
33225,0.0006647127916660012
41505,0.0006395056644915777
53668,0.0005437499588989809
63680,0.0005049142597082545
69355,0.0005527842221280917
76680,0.0006324848582965822
82093,0.0003241471148348654
83527,0.0007402462117570605
92017,0.00040551601049716837
96426,0.0004736450055089129
10486,0.00015148196032205709
10510,0.0005383290267011198
50438,0.0005383290267011198
10523,0.0002702496155555266
68581,0.00046042053405365434
10587,0.00018778644734754953
38525,0.00045427696108886104
92177,0.0005187147855593408
10620,0.00042498896700288424
35995,0.0006759342947287784
72798,0.00039059853783730136
88658,0.00029146721160596767
107984,0.0003282186674713311
10634,9.379234865804213e-05
42679,0.00048475707717511715
10654,0.00029569386203856496
30511,0.0005284108757671892
30848,0.0004290459092333498
36971,0.0002487225340879722
64467,0.00026334884570291693
92616,0.00031865167669345765
10691,0.0005173331497198118
15408,0.0022240797398686103
22225,0.00048748861445666714
39968,0.0019510503184864145
86468,0.0005400777984733288
10725,0.00010888797875312996
65563,0.0005291994069476092
20719,0.0002204865910156909
10808,0.0003582963161369447
102929,0.000421115880601431
10831,0.00019601355913128617
80083,0.0003270148375574091
10885,0.0007379613712562747
63581,0.00034751091185628876
64476,0.0005663061901289023
69249,0.0005015376335630126
10949,0.0010940885584042827
26018,0.00029532523419012165
38271,0.0003453971592077286
39091,0.00019680243616302209
45497,0.0005372472140691815
48552,0.0002727569680607419
59557,0.0003690876170210761
93437,0.000537817108684712
104231,0.0003561392708748228
10990,0.0006321895797599636
18720,0.0006531019584435403
30221,0.0006414760566022783
43554,0.0005991515629330225
55267,0.0004633988486828082
81706,0.0005035125045012025
11042,0.0006889671028832975
14323,0.0002265588590332555
16042,0.0005458988358632601
51283,0.0005407273468160862
80837,0.0004238616975085885
89083,0.0009518253946155854
96132,0.0005032751986691072
11081,0.00023272573127391293
58088,0.0006604951994663076
11109,0.0008251177298966251
40599,0.0005380418713171378
57284,0.0007484096024396537
84603,0.0005558517465179232
91479,0.0005109820119641152
11260,0.0002452551812804401
66681,0.00024771006398329506
11295,0.00035648862193546723
43335,0.00044576535358302444
80959,0.00034580957775312836
95278,0.0007707194066069134
11367,0.0013227365454701776
22688,0.0003330822929026234
65306,0.00034897180506879847
79280,0.00032812914132016003
89412,0.0003587253487438396
11402,0.00027716032510761404
38415,0.0008722956881599819
49764,0.0009043310020520987
11428,0.00027274652799747596
23948,0.0003978895702136991
35289,0.0005360646239261095
79164,0.0004159891366689108
11475,0.00017333311107743844
11535,0.00023541150060823728
103884,0.0010441351675904169
11636,0.0003274014595661719
54916,0.00045549030744111637
58699,0.0003869362372995994
11690,0.0010972629071518013
11721,0.00011701936243430848
17829,0.0002135996824947142
18666,0.000638477004957941
19500,0.0005604532791001347
27994,0.00039897340734938535
28623,0.0002737636581435821
31020,0.0006394302109344613
33625,0.0005168405209958306
34396,0.0005622300293967759
44917,0.0006236438839268877
44978,0.0006023213952036924
46279,0.0007635282994796444
48357,0.00041296288034024374
52717,0.0006052265997124826
55466,0.0006258146513457566
62543,0.0003153438051562576
65191,0.0006326863938167881
66844,0.0007495399091593117
70182,0.0006191349147366158
80991,0.0006167263632189942
89182,0.0007361397131922115
91381,0.0006454780107749506
98963,0.0005664910681288952
99026,0.00019649327930589471
104140,0.0006005443675048538
106201,0.00020475812296781674
13366,0.0006406964520263898
27832,0.00044073536202970405
11713,0.00018422972253987683
11729,0.0001617663532759477
82395,0.0003512784796542979
11765,0.0001412373175264756
11779,0.000327623978418448
61268,0.0004056143968780498
68693,0.0004074438767141733
11797,0.00010422897742287276
16602,0.000986206047763534
22546,0.000425461043757955
42450,0.0005290113298357108
59756,0.00034140955212970305
64027,0.0013667665999614002
70202,0.00035584648231903085
74271,0.0005568218894112841
11844,0.00014996992279414835
11896,0.000243362752912589
11996,0.0009074533684938108
28803,0.000704550031420258
99379,0.0010746710107806207
11932,0.0007222182510537667
21994,0.0003981977049874383
50854,0.00037439043827688207
58150,0.0004796515890132561
73473,0.0006153630759727771
79770,0.0005571982135391087
100232,0.0006212839140646093
11962,0.00025943048028383934
53346,0.0003919031131964037
37950,0.00044415837380818124
43678,0.0002727434684288709
49839,0.0005202113792143199
53464,0.0008062398856245707
59596,0.000923856915993579
59890,0.0006875119134878792
66388,0.0016367568480711524
68360,0.0005911238878715937
80359,0.0006463808224902249
12025,0.0005383290267011198
91038,0.0005383290267011198
12034,0.00018151927318358295
26974,0.00046407144145456185
61588,0.0004499403271872142
65800,0.0005881698168466408
67762,0.0003928191900371826
79967,0.0006086528346262014
103256,0.0005948181219250827
12098,0.0005383290267011198
59871,0.0005383290267011198
12125,0.0001704958322167148
102661,0.00023194625624189092
103225,0.0003956083927429016
12155,0.00030497856838678856
34267,0.00015990858152390631
94054,0.0003809851411398147
105242,0.00043986665756945957
14206,0.0005074152318241228
19071,0.00024750933737129673
27443,0.0006044931672851815
37186,0.0005125856146601395
43502,0.0009686958862411384
45212,0.00032794721260842244
103491,0.00048794642224247363
28336,0.0003209350716514225
52474,0.00034343610157830455
58898,0.0003645921783784884
81102,0.00041697003607884663
83447,0.0004218992272208727
84239,0.000316702742887473
12353,0.00041412327212421516
25074,0.000289640015356649
27143,0.0011133602815851416
88964,0.0004814233333429767
12366,0.0005756280660169171
29949,0.0003954773620491961
34183,0.0005397630519891234
49850,0.0005089286074715191
96883,0.00067089373946699
98483,0.0006061634367146715
105751,0.00047144892319942063
42841,0.0003997740437025617
51488,0.0004394501950147198
73360,0.0006515137266903193
76447,0.0002828534868292434
77413,0.0002250264701956186
86012,0.0006565199461109894
104800,0.0002743022347276165
26550,0.0005271158341787982
48396,0.0004299439146211739
78303,0.00037654145155356655
12506,0.00035929244667695935
47630,0.001101429334340336
82662,0.0007708939572224625
102909,0.0004757356402643131
12529,0.0004872582570080713
12587,0.0006616530766209983
23650,0.0004531862632063401
47559,0.0003883521980654144
96606,0.0001373073374886096
98998,0.0003404118383752113
12623,0.0004704671811851298
86086,0.00035105138949389814
12667,0.0001410285908345615
21619,0.0006468171050883515
35518,0.00046634977474323264
23199,0.00029618245638565245
51722,0.0003332108914345471
54968,0.0006872029418687716
27065,0.00029722661483484183
46220,0.0004072321110083227
50323,0.0002944229600543741
102120,0.0003060043735206704
12829,0.0005383290267011198
16512,0.0005383290267011198
12874,0.0006261152562355066
27640,0.0005418907860227129
79205,0.0006237601599566945
99345,0.0002366068695340253
12885,0.0001433012085024393
61522,0.000722280286243388
12925,0.0006987663324016005
24009,0.0003444287216950422
41201,0.000449513324325466
45428,0.0008020443746171101
47996,0.0006121467703298921
57999,0.0005590962846798956
84917,0.0005444800120769108
104856,0.0007975826702632479
106104,0.0007659441607926458
12976,0.0002514640286101137
12994,0.00030835731214775425
16867,0.00023435941498392522
23026,0.0003355484835789297
30261,0.0006665324624191513
13062,0.00044981863537943884
45945,0.0002544696055112682
59264,0.0005909870038557306
13084,0.00016286920488995014
46970,0.00039996621789988403
80683,0.0005299472389511381
13102,0.0005939681312990792
24770,0.00043200835589859597
67926,0.00030252012452953666
94895,0.0006284070927062583
96666,0.0004713323118344972
13161,8.833779571438653e-05
13191,0.00013737569271656544
105638,0.0006518510295427647
13214,0.00014926899670941258
36746,0.0004832155553181041
13222,0.0005383290267011198
13229,0.0005383290267011198
13251,0.000464451167077468
67640,0.0006412166369314704
86141,0.00023695049741996827
13293,0.0005201104542203352
18785,0.0002821449224054207
103809,0.0005650998546348564
13320,0.0007003279828857988
18924,0.0004951073917967675
26747,0.0005081520832014676
44758,0.00048780153464382867
45524,0.0003800928015074826
68536,0.0005581623864473484
84568,0.0005335208271208263
99207,0.0009616985317313001
102867,0.0006731877373170449
13356,0.0003397402433359262
29167,0.0006328539263969494
35440,0.00079740585339408
74843,0.0006500099949874284
13434,0.00011730925274143405
97216,0.00025811999624483425
13469,0.0004236325166366379
21733,0.0006870279248101419
70497,0.0007896406446613192
13629,0.00014712348212428736
13642,0.00012006877155130596
13676,0.0002654051620505109
86875,0.0014335537399185242
13713,0.00029237305930046803
59799,0.00028076930708876186
75204,0.000420115379878797
79113,0.0002887427200481393
13724,0.00032239499525492214
16181,0.0003458226511677119
13783,0.00031271707858532185
13791,0.00021280326905496295
13804,0.00022546201285875584
13843,0.0001794722978679821
13913,0.0012426482281424065
14048,0.0004180907843876517
25488,0.0006285041676997931
30378,0.00035986452305859453
39813,0.0007732041436077454
55512,0.0003042974632593012
63556,0.00038496046236364385
68439,0.000405834144636712
75927,0.0005329387787461012
77046,0.00017431435973955372
78721,0.000524186466881643
87974,0.00021534827104021398
92690,0.00039794430837692584
101421,0.00038685374008808293
13924,0.00019067795801609098
13973,0.0003503514220961977
85268,0.0006919596958699736
95671,0.00038604567015777303
57722,0.0005550482135503936
66198,0.00034248546408431347
72481,0.0002981157418283181
34537,0.00031042715788634023
46766,0.001110019890798229
14067,0.00012282847593274554
74254,0.0006136060245370149
33746,0.0002958644048639944
46549,0.0004326500246789802
14288,0.0008114899692318999
24266,0.00022536778909091164
33045,0.0007507301229668625
36616,0.0006481154357482337
37115,0.0005040578368541193
48697,0.0006641322994705546
49792,0.0005951984301189849
54604,0.0004192178356049775
59577,0.0005095901355674933
61392,0.0004908017991210097
66509,0.0005599870961241901
71371,0.0006291566599535809
73539,0.000459404815744286
106536,0.0002974205872154455
14349,0.00041889526768673234
22681,0.0006567290636536124
14386,0.0013861799799377093
14426,0.0003974081409104963
19009,0.0006738861655722024
20235,0.000740728135287818
26497,0.0004804506343075473
29480,0.000493662732757234
31429,0.00047863959113617245
45196,0.0003220812938098274
46901,0.00040784206274124466
51114,0.0006540878459522883
64250,0.0004143143788105198
64867,0.0005082064247952613
70894,0.0005016399816884103
72207,0.0004071262974323173
78214,0.0005817971347202259
84620,0.0004536749472195141
97600,0.000638736107642093
98495,0.0003933555748851901
99046,0.0005756822053142375
100149,0.0004658087118194171
104316,0.00047127844023407223
14486,0.0004943492747083631
37213,0.00032475125869472273
39053,0.00043745954825877715
68918,0.000650571096480402
97691,0.0001831188775464245
14497,0.00021511211551468942
97841,0.0006497844610245873
97951,0.0003819861385768536
14579,0.000277591876475116
26654,0.0003185653923831656
14601,0.0002581662433840578
83228,0.0003788667078414018
96551,0.00045932422231537373
96816,0.0005178156802560642
14653,0.00021284109038237294
14677,0.00024656795187880933
27748,0.000748416261541439
50195,0.00044420831909785803
63248,0.00036024817981651316
68737,0.0003326747874649423
98784,0.0003975422681077139
14735,0.00025197397990896426
27275,0.0006179035444944223
61434,0.000718271570378728
84023,0.000436755303798147
14759,0.00041596032742303735
18115,0.0004935667766234894
18144,0.0002772162187052408
19222,0.00029026346296199895
69167,0.0008146007861138045
14876,0.0005383290267011198
64705,0.0005383290267011198
14889,0.00027350631882983284
14944,0.0005383290267011198
53312,0.0005383290267011198
14966,0.0005855565093039275
32213,0.0005867891780242787
38790,0.000630085452985353
63821,0.0005226594413762674
65612,0.0005273065448446866
74708,0.0006429842902620634
78201,0.00042772518673673095
80488,0.00044662689991753257
90113,0.0004029182384719286
95705,0.00041851401466302436
103398,0.00048226421553450007
14974,0.0002597056477387987
85592,0.0003495079098714064
14998,0.00013563581788698042
41801,0.00027550005841940796
15012,9.3206147566222e-05
86730,0.0008199877128923876
15049,0.0005537389004923231
41330,0.0005167431670050846
106272,0.00045032540911872583
15067,0.00018592521902319507
49683,0.00018894490661252464
15116,0.000701548585562627
21073,0.00044968254859278716
22617,0.0005481944458147254
24924,0.0005857203529363931
32387,0.0006094138616335487
56796,0.0005399506025133727
58935,0.00036296253883367704
60610,0.0005843580213055451
64040,0.0005083871349951491
69892,0.0006936500152126579
98179,0.0005757005260880487
107385,0.00035312378555313686
15180,0.00015750168506697905
77620,0.00023704717408620424
15211,0.00039352368634329985
36597,0.0002551861966073411
51367,0.0006917166964929811
97582,0.0011350653118269653
15232,0.0006930847242073602
41150,0.0007519702593894838
47810,0.0006527474620365941
74577,0.0009040387385006825
83388,0.000489707582016434
92564,0.0007701332314659429
15260,0.0009079304422096518
39895,0.0002856975946855811
49238,0.0009248007450293814
54461,0.0006273481783655021
62149,0.001140705592003894
64826,0.00031823346419613977
15298,0.00016965049850681051
15307,8.074935400516798e-05
80599,0.00022599933968885883
15318,0.0005003666417449551
94871,0.0005224650346537623
25810,0.0006280697561337619
35089,0.0016363302600261563
37567,0.0003951144823452305
46888,0.00040883837201165376
52565,0.0005456981136956634
76837,0.0005280601385442669
81344,0.0002918006553793345
82897,0.00030672664654518653
83001,0.0004531829797186568
90629,0.0009021748336767011
103913,0.000512218507902355
15494,0.00019162175444220868
83070,0.0008503642245577674
15526,0.0002056365896955858
15554,0.0006591811047904405
24510,0.0005167079250999728
25395,0.0005946216694279204
26787,0.00043593200560855815
47696,0.0004519130633881686
47778,0.0006329046331221189
51631,0.0004988744059233696
56684,0.00044515973820849676
70218,0.0005577495920719124
76931,0.0005123614702501809
106781,0.0006676846790057921
15565,0.00027247944364618604
15583,0.0005263814094198653
28219,0.0005691466616868563
29627,0.0006514732795580827
32724,0.0005466448306415985
40647,0.0004812026074367979
48597,0.0005236950789174611
64579,0.0005311664982121101
76912,0.0005665091510298088
83318,0.00044373719995039563
107755,0.0005433335501582212
34764,0.0007181396935312051
68932,0.0002490693609593271
15773,0.00041361167582770866
33106,0.00040739308399256023
53033,0.0003372582589921615
82425,0.00043388202939722144
15784,0.0005383290267011198
83375,0.0005383290267011198
15800,0.00016691374461600506
15807,0.00016186788994798184
15905,0.0007467773559855548
23367,0.0007861110625772485
51780,0.00011389503289780803
64486,0.00046715662042953927
80773,0.0005091595077565626
91868,0.0006351304660723726
105425,0.000503594572540034
105581,0.0005448075953498375
30018,0.0003964608192998693
36075,0.0006630854302464606
48810,0.0004902110261694166
50064,0.0004065804275464217
53161,0.00020745211933910935
53949,0.0003118109428700669
78404,0.0006088702603100149
93793,0.00021735856153935713
78238,0.00018633352363625318
18893,0.0005548401826134161
21682,0.0007213041434534402
16080,0.0005383290267011198
25723,0.0005383290267011198
16090,0.00020604615895436777
16727,0.0007005417110456081
35646,0.000572329576683757
16153,0.0003415445444577084
16162,0.000293118901388414
24571,0.0008205627600027843
16193,0.00036728944166610405
97786,0.000431099863421969
40836,0.00034628165736228243
25253,0.0006343509742730821
26261,0.0007347474218313268
27006,0.0002738705385430505
33256,0.00045609349844869326
33328,0.0012607068354515095
33804,0.00045688647840492515
38943,0.0002744255773371394
39164,0.0006507136014326924
43046,0.000409875567824551
46715,0.0003006377325259807
50763,0.0005615159275945762
57956,0.0003873660534330751
60064,0.001129060710424812
66011,0.001114265289208595
68308,0.00026369342531156164
98720,0.00058778834514498
98870,0.0006940139667004553
102444,0.0007191574212179764
107686,0.00021709800934649186
16419,0.0001328949135313828
16450,0.00019719262793930055
16495,0.00014366413136440056
16524,0.000387771374913773
23100,0.0005136418171841101
16626,0.0001689654169059776
16643,0.00020289906703429593
16679,0.0001502943130797368
68228,0.00043925816065131754
16834,0.0009677214637689025
23723,0.0005031398754152533
28674,0.00028825076373182224
32059,0.000819262050496449
46319,0.0007036280282917034
48472,0.0002962857256405464
52828,0.0005407669827674884
53870,0.00032100050622685427
58300,0.0006203477920907087
65900,0.0005500372426889802
69405,0.0006300418817872894
70255,0.0004592016492051523
79237,0.00038979753093919945
79511,0.000459312117156078
83408,0.00033007345167940016
84552,0.000805850463079601
97867,0.0006327228063003938
16915,0.0006617761588328012
20889,0.0005391072941072059
35848,0.0006004486777596915
36200,0.0004241582869764081
36735,0.0006404390975069521
39840,0.0008152184950189249
45151,0.0004935972739815117
56760,0.0006221247550657871
56997,0.0004760148236212314
75561,0.00070500655218467
82359,0.000568968898252403
89838,0.00045405927547579136
95237,0.0006064441206842777
50941,0.0005612214009644308
16953,0.00022743253887003555
56055,0.00039713612879712935
67549,0.00011401856081494165
70094,0.00022871909398232345
17130,0.0004510228522070356
25116,0.00035875361474147947
39755,0.0005450540109441524
17187,0.0005539758344789712
24242,0.0005502352880144457
27025,0.0006610723120156916
48485,0.0003394425600785981
61308,0.0004407808365320646
65038,0.00046674162313348704
78703,0.0006713482908844412
91110,0.0006230354684712575
17210,0.00012997462419161155
73144,0.00025992144126704616
17340,0.00024342816328625744
47462,0.0005098794572312516
96154,0.00020386594440567873
17397,0.00016226437040581108
75540,0.00035414599039502347
39642,0.0006723830155915507
63633,0.0003180649611640101
17462,0.0004158421476739733
21148,0.0005581162944390433
39299,0.000513851718468973
43570,0.0005941290771778304
51149,0.0006952673603086498
56637,0.0004527675621382487
17531,0.00022176125374083857
17555,0.0003573780503037996
44382,0.0002552670431225174
56089,8.074935400516798e-05
72563,0.00029582194867177415
23687,0.0004118312143295575
47923,0.0004361611056077885
53225,0.00048195882836214634
18745,0.0004784306239749306
89615,0.0003252675291753038
106491,0.0002253859672239317
75986,0.0003723142761993469
73253,0.0004164296261614728
52751,0.0004132411107773949
21050,0.00022608747304172716
90582,0.00036166949105221604
103593,0.0002982474984369045
53104,0.0006536884681702716
33457,0.0005015614630014557
84124,0.00023024552339676735
99536,0.0004536090775140942
42250,0.0003521100744316708
36549,0.0005708619130891968
42186,0.0005007280406247166
77180,0.0004135170656065003
27926,0.00020913796581823312
54582,0.0002499313275095417
62825,0.00036409854931681755
38220,0.0002787588456017241
57122,0.0004871395407486948
77527,0.00047712878236759736
49591,0.00036917515394968727
26623,0.00019233146804422698
25702,0.00016012828538809713
57681,0.0003303088451610405
106060,0.0003020983416413193
54153,0.0005880008120603483
40958,0.0003244515165258578
64738,0.000330995963365317
27380,0.0003861222384252952
84791,0.0003934690911293892
89869,0.0003190682103219135
30103,0.00031964137941178363
60690,0.00019035730699481048
86217,0.00035121902034252335
87615,0.0005300622769066593
91730,0.0004654509169156499
78674,0.0003325213080093805
101624,0.00019626166259630436
73727,0.0004916032112147789
51579,0.00030170264041945634
30962,0.0003692984724364027
31942,0.00030926567856592543
32889,0.0002810389609880437
57943,0.0009417965311909575
63050,0.0007445247325872309
65160,0.0003980367460423145
102722,9.851833118463581e-05
64687,0.00019772855334917002
35404,0.00018840465353692237
104706,0.00039520667358924764
36873,0.0005222837576051536
79882,0.00016202381755614888
38883,0.0003881987340920212
40070,0.00036747889354008184
107862,0.0005366421855648414
49482,0.00026217092911120073
73962,0.0002155166384547581
62591,0.000415207521389718
91618,0.00020570725047130685
56373,0.00042051984270231223
62356,0.00030720456521698806
87841,0.00027397888248001324
106572,0.0002034630184190909
63236,0.00030133960001191144
78755,0.00015156780046169104
69755,0.00018621218659109484
77563,0.00010408408698788792
78535,0.00013318228380467383
